ID Товара;Наименование товара;Тип товара;Цена
70035;Molodeskine Plain Notebook Extra;Блокнот;189
70036;Denim Potato;Блокнот;179
70037;Molodeskine Ruled Notebook Large;Блокнот;179
70038;Molodeskine Rolling Stones Ruled;Блокнот;234
70039;Molodeskine Keith Haring Ruled;Блокнот;234
70040;Molodeskine Set of 2;Блокнот;179
70041;Molodeskine PRO New Weekly;Ежедневник;234
70042;Molodeskine PRO New Notebook;Ежедневник;234
70043;Famer-Cartell Art Pepper;Карандаш;16
70044;Kol-i-Moon 1840;Карандаш;24
70045;Kol-i-Moon 1999;Карандаш;24
70046;Parket Sonnet F539;Ручка;64
70047;Parket Sonnet K527;Ручка;345
70048;Parket Sonnet K528;Ручка;126
70049;Parket Jotter K63;Ручка;64
70050;Parket Sonnet Premium F535;Ручка;126
70051;Parket Sonnet K526;Ручка;234
70052;Parket IM Premium Vacumatic T224;Ручка;64
70053;Parket IM Premium F224;Ручка;64
70054;Parket IM Premium Vacumatic F224;Ручка;64
70055;Parket Sonnet Premium;Ручка;64
70056;Parket Sonnet T539;Ручка;345
70057;Parket Sonnet K427;Ручка;126
70058;Parket Urban T200;Ручка;126
70059;Parket Urban Premium K310;Ручка;345
70060;Famer-Cartell Ecco Pigment 0.4;Ручка;345
70061;Parket Sonnet K439;Ручка;64
70062;Parket Sonnet K529;Ручка;126
70063;Parket Urban Premium T311;Ручка;345
70064;Parket Sonnet K426;Ручка;64
70065;Parket Jotter F63;Ручка;64
70066;Parket Sonnet K539;Ручка;126
70067;Parket Sonnet Premium F540;Ручка;126
70068;Parket Sonnet K530;Ручка;126
70069;Polet Frixion Pro 07;Ручка;456
70070;Parket Sonnet Premium K531;Ручка;345
70071;Parket Urban Premium K206;Ручка;345
70072;Parket Urban Premium K204;Ручка;126
70073;Molodeskine Denim Do Not;Блокнот;179
70074;Parket IM Premium Dark;Ручка;64
70075;Parket Premier Luxury F565;Ручка;345
70076;Parket Premier Luxury T565;Ручка;64
70077;Parket Premier K560;Ручка;64
70078;Parket Urban Premium F310;Ручка;126
70079;Parket Sonnet K430;Ручка;64
70080;Parket IM K321;Ручка;345
70081;Parket Premier Luxury K565;Ручка;64
70082;Parket IM Brushed Metal;Ручка;345
70083;Parket Sonnet K428;Ручка;126
70084;Parket Jotter Premium Tower;Ручка;64
70085;Famer-Cartell Tomato;Ручка;64
70086;Parket Urban Premium F311;Ручка;126
70087;Parket Sonnet Premium F531;Ручка;126
70088;Parket Premier T560;Ручка;64
70089;Parket Urban Premium F206;Ручка;345
70090;Parket Sonnet K429;Ручка;64
